"time","x","der(x)","k"
0,1,-1,1
0.1,0.904382075,-0.904382075,1
0.2,0.8179069376,-0.8179069376,1
0.3,0.7397003734,-0.7397003734,1
0.4,0.6689717586,-0.6689717586,1
0.5,0.6050060671,-0.6050060671,1
0.6,0.5471566424,-0.5471566424,1
0.7,0.4948386596,-0.4948386596,1
0.8,0.4475232138,-0.4475232138,1
0.9,0.4047319727,-0.4047319727,1
1,0.3660323413,-0.3660323413,1
1.1,0.3310330883,-0.3310330883,1
