"time", "Out1"
0, 0
0.0048828100000001, 0.00488279059749939
0.0244140600000001, 0.0244116347538195
0.12207031, 0.121767370913343
0.61035156, 0.573155580150085
1.61035156, 0.999217793758755
2.61035156, 0.506603775914576
3.61035156, -0.451779417182452
4.61035156, -0.994798697609461
5.61035156, -0.623204643203577
6.61035156, 0.321360886108213
7.61035156, 0.97046869876377
8.61035156, 0.727332065321623
9.61035156, -0.184510314713552
10, -0.54402111088937
