"time","der_0p","der_0T"
0,0,0
0.1,0,0
0.2,0,0
0.3,-2.27374e-013,-2.66454e-015
0.4,199.321,-3.61675
0.5,1100.87,-3.78254
0.6,1765,-1.66978
0.7,1252.34,1.55427
0.8,1252.18,1.55153
0.9,1252.02,1.5488
1,1251.85,1.54607
1,1251.85,1.54607
