"time",	"k",	"der(x)",	"x"
0,	1,	-1,	1
0.1,	1,	-0.9,	0.9
0.2,	1,	-0.81,	0.81
0.3,	1,	-0.729,	0.729
0.4,	1,	-0.6561,	0.6561
0.5,	1,	-0.59049,	0.59049
0.6,	1,	-0.531441,	0.531441
0.7,	1,	-0.4782969,	0.4782969
0.8,	1,	-0.4304672,	0.4304672
0.9,	1,	-0.3874205,	0.3874205
1,	1,	-0.3486784,	0.3486784
1.1,	1,	-0.3138106,	0.3138106
