"time","x","der(x)","k"
0.000000,1.000000,-1.000000,1.000000
0.100000,0.900000,-0.900000,1.000000
0.200000,0.810000,-0.810000,1.000000
0.300000,0.729000,-0.729000,1.000000
0.400000,0.656100,-0.656100,1.000000
0.500000,0.590490,-0.590490,1.000000
0.600000,0.531441,-0.531441,1.000000
0.700000,0.478297,-0.478297,1.000000
0.800000,0.430467,-0.430467,1.000000
0.900000,0.387420,-0.387420,1.000000
1.000000,0.348678,-0.348678,1.000000
