    "time", "outputs"
         0, 282.84271
      0.02, 257.44777
      0.04, 258.41119
      0.06, 258.57021
      0.08, 258.51032
       0.1, 258.50267
