"time", "dFFREG.dataOut[1]", "dFFREG.dataOut[2]"
0, 1, 1
0.00488281, 1, 1
0.02441406, 1, 1
0.12207031, 1, 1
0.61035156, 1, 1
1.0000000001, 1, 1
1.0048828101, 1, 1
1.0244140601, 1, 1
1.1220703101, 1, 1
1.5, 1, 1
