"time","x","der(x)","k"
0,1,-1,1
0.1,0.9,-0.9,1
0.2,0.8100000000000001,-0.8100000000000001,1
0.3,0.729,-0.729,1
0.4,0.6561,-0.6561,1
0.5,0.5904900000000001,-0.5904900000000001,1
0.6,0.5314410000000001,-0.5314410000000001,1
0.7,0.4782969000000001,-0.4782969000000001,1
0.7999999999999999,0.4304672100000001,-0.4304672100000001,1
0.8999999999999999,0.3874204890000001,-0.3874204890000001,1
0.9999999999999999,0.3486784401000001,-0.3486784401000001,1
1,0.3486784401,-0.3486784401,1
