    "time", "outputs"
         0, 282.84271
      0.02, 257.40463
      0.04, 258.35724
      0.06, 258.51915
      0.08, 258.45184
       0.1, 258.50108
