"time","_step"
0.0000000000000000E+000,0
5.0000000000000000E-001,0
1.0000000000000000E+000,1
1.5000000000000000E+000,1
2.0000000000000000E+000,2
2.5000000000000000E+000,2
3.0000000000000000E+000,2
3.5000000000000000E+000,3
4.0000000000000000E+000,3
4.5000000000000000E+000,4
5.0000000000000000E+000,4
