    "time", "outputs"
         0, 282.84271
      0.02, 257.47977
      0.04, 258.45035
      0.06, 258.58528
      0.08, 258.50716
       0.1, 258.52877
