"time","x","der(x)","k"
0,1,-1,1
0.1,0.9,-0.9,1
0.2,0.81,-0.81,1
0.3,0.729,-0.729,1
0.4,0.6561,-0.6561,1
0.5,0.59049,-0.59049,1
0.6,0.53144,-0.53144,1
0.7,0.4783,-0.4783,1
0.8,0.43047,-0.43047,1
0.9,0.38742,-0.38742,1
1,0.34868,-0.34868,1
