"Time","dataOut1","dataOut2"
0.000000000000000E+00,1,1
1.000000000000000E+01,3,3
2.000000000000000E+01,4,2
3.000000000000000E+01,3,2
