"time","yFalling","yRising","yEither"
0.00000000000000E+00,0.00000000000000E+00,0.00000000000000E+00,0.00000000000000E+00
3.43225906488250E-04,0.00000000000000E+00,0.00000000000000E+00,0.00000000000000E+00
3.43260229078899E+00,0.00000000000000E+00,0.00000000000000E+00,0.00000000000000E+00
1.00000000000000E+01,0.00000000000000E+00,0.00000000000000E+00,0.00000000000000E+00
