"time","Reference_angle"
0.0000000000000000,0.0000000000000000
1.0000000000000000,0.0000000000000000
1.0000000000000000,1.0000000000000000
10.000000000000000,1.0000000000000000
