"time","step-size","source.i.Losses","source.i.iAC[1]","source.i.iAC[2]","source.i.iAC[3]","source.i.uAC[1]","source.i.uAC[2]","source.i.uAC[3]","source.i.uDC"
0.0,0.0,480.0,-0.0,0.0,0.0,0.0,0.0,0.0,565.685424949238
1.0E-7,1.0E-7,582.3026966189012,6.5970524729119795E-6,-0.31986008370322494,0.31985348665075203,159.93334037784888,-319.8567851769884,159.92344479913956,565.6820859590672
0.1,0.0999999,2890.0830344290885,-5.5405656894436106E-5,-452.5368686807483,452.5369240864052,260.93787551659466,-521.9311567454893,260.99328122889466,517.0271259110048
