"time","step-size","source.i.Losses","source.i.iAC[1]","source.i.iAC[2]","source.i.iAC[3]","source.i.uAC[1]","source.i.uAC[2]","source.i.uAC[3]","source.i.uDC"
0.0,0.0,480.0,-0.0,0.0,0.0,0.0,0.0,0.0,565.685424949238
1.0E-7,1.0E-7,582.3026966189012,6.597052472856468E-6,-0.3198600837032249,0.31985348665075203,159.93334037784888,-319.8567851769884,159.92344479913956,565.6820859590672
0.1,0.0999999,2890.083034971258,-5.540565661021901E-5,-452.5368687672784,452.536924172935,260.9378755244354,-521.9311567608866,260.9932812364512,517.027125926229
