    "time", "outputs"
         0, 282.84271
      0.02, 257.44716
      0.04,  258.4148
      0.06, 258.55126
      0.08, 258.50743
       0.1, 258.51461
